{
  "project_info": {
    "project_number": "285244798692",
    "firebase_url": "https://inclass11-c92df.firebaseio.com",
    "project_id": "inclass11-c92df",
    "storage_bucket": "inclass11-c92df.appspot.com"
  },
  "client": [
    {
      "client_info": {
        "mobilesdk_app_id": "1:285244798692:android:b09db0de081ee34795def1",
        "android_client_info": {
          "package_name": "com.ownproj.inclass11"
        }
      },
      "oauth_client": [
        {
          "client_id": "285244798692-rd6f8anvdksme1ifdn3emb1jhj2mk8qv.apps.googleusercontent.com",
          "client_type": 3
        }
      ],
      "api_key": [
        {
          "current_key": "AIzaSyCdgQSFU0Is-KmBghMEB7_p3IOHuDckmNI"
        }
      ],
      "services": {
        "appinvite_service": {
          "other_platform_oauth_client": [
            {
              "client_id": "285244798692-rd6f8anvdksme1ifdn3emb1jhj2mk8qv.apps.googleusercontent.com",
              "client_type": 3
            }
          ]
        }
      }
    }
  ],
  "configuration_version": "1"
}