{
  "project_info": {
    "project_number": "148275843971",
    "firebase_url": "https://homework07-efd14.firebaseio.com",
    "project_id": "homework07-efd14",
    "storage_bucket": "homework07-efd14.appspot.com"
  },
  "client": [
    {
      "client_info": {
        "mobilesdk_app_id": "1:148275843971:android:4e57d7968ef6048a471cb6",
        "android_client_info": {
          "package_name": "com.ownproj.homework07"
        }
      },
      "oauth_client": [
        {
          "client_id": "148275843971-uk205v4r5aeaqe4b3pm6cdrid5neqci1.apps.googleusercontent.com",
          "client_type": 3
        }
      ],
      "api_key": [
        {
          "current_key": "AIzaSyDgxj7lBlBkrTWlI702jdbaY3b_FV72dnM"
        }
      ],
      "services": {
        "appinvite_service": {
          "other_platform_oauth_client": [
            {
              "client_id": "148275843971-uk205v4r5aeaqe4b3pm6cdrid5neqci1.apps.googleusercontent.com",
              "client_type": 3
            }
          ]
        }
      }
    }
  ],
  "configuration_version": "1"
}