{
  "project_info": {
    "project_number": "758390133333",
    "firebase_url": "https://movie-database-3e039.firebaseio.com",
    "project_id": "movie-database-3e039",
    "storage_bucket": "movie-database-3e039.appspot.com"
  },
  "client": [
    {
      "client_info": {
        "mobilesdk_app_id": "1:758390133333:android:98213f790029266e27badc",
        "android_client_info": {
          "package_name": "com.ownproj.moviedatabase"
        }
      },
      "oauth_client": [
        {
          "client_id": "758390133333-1ie5q4ifknl1tb6nf11nrcntjrm47cu5.apps.googleusercontent.com",
          "client_type": 1,
          "android_info": {
            "package_name": "com.ownproj.moviedatabase",
            "certificate_hash": "b4a9ba6fca41ac13cb1524ff52fc147c6a9f590d"
          }
        },
        {
          "client_id": "758390133333-j9vcfe7j7eig11jtuctn4brlkdo3pn3e.apps.googleusercontent.com",
          "client_type": 3
        }
      ],
      "api_key": [
        {
          "current_key": "AIzaSyAoX8ey6h2ZXpk5SQ2tpndAGi7-xY8SnmY"
        }
      ],
      "services": {
        "appinvite_service": {
          "other_platform_oauth_client": [
            {
              "client_id": "758390133333-j9vcfe7j7eig11jtuctn4brlkdo3pn3e.apps.googleusercontent.com",
              "client_type": 3
            }
          ]
        }
      }
    }
  ],
  "configuration_version": "1"
}