{
  "project_info": {
    "project_number": "358889745631",
    "firebase_url": "https://inclass-10-27edc.firebaseio.com",
    "project_id": "inclass-10-27edc",
    "storage_bucket": "inclass-10-27edc.appspot.com"
  },
  "client": [
    {
      "client_info": {
        "mobilesdk_app_id": "1:358889745631:android:ea71a02c1d3942c6afcd6a",
        "android_client_info": {
          "package_name": "com.ownproj.finalexam"
        }
      },
      "oauth_client": [
        {
          "client_id": "358889745631-vvr0dfq99ruaij9mdt3ns5e60gu3rm08.apps.googleusercontent.com",
          "client_type": 3
        }
      ],
      "api_key": [
        {
          "current_key": "AIzaSyDTAEzGUwlIuq3NCbasfimAP9uLD4fpCnk"
        }
      ],
      "services": {
        "appinvite_service": {
          "other_platform_oauth_client": [
            {
              "client_id": "358889745631-vvr0dfq99ruaij9mdt3ns5e60gu3rm08.apps.googleusercontent.com",
              "client_type": 3
            }
          ]
        }
      }
    },
    {
      "client_info": {
        "mobilesdk_app_id": "1:358889745631:android:b5709dc4b47fff4fafcd6a",
        "android_client_info": {
          "package_name": "com.ownproj.inclass10"
        }
      },
      "oauth_client": [
        {
          "client_id": "358889745631-vvr0dfq99ruaij9mdt3ns5e60gu3rm08.apps.googleusercontent.com",
          "client_type": 3
        }
      ],
      "api_key": [
        {
          "current_key": "AIzaSyDTAEzGUwlIuq3NCbasfimAP9uLD4fpCnk"
        }
      ],
      "services": {
        "appinvite_service": {
          "other_platform_oauth_client": [
            {
              "client_id": "358889745631-vvr0dfq99ruaij9mdt3ns5e60gu3rm08.apps.googleusercontent.com",
              "client_type": 3
            }
          ]
        }
      }
    }
  ],
  "configuration_version": "1"
}